<?xml version="1.0" encoding="UTF-8"?>
<jcr:root xmlns:sling="http://sling.apache.org/jcr/sling/1.0" xmlns:cq="http://www.day.com/jcr/cq/1.0" xmlns:jcr="http://www.jcp.org/jcr/1.0" xmlns:nt="http://www.jcp.org/jcr/nt/1.0" xmlns:rep="internal"
    jcr:mixinTypes="[rep:AccessControllable]"
    jcr:primaryType="cq:Page">
    <wcm jcr:primaryType="nt:unstructured">
        <foundation jcr:primaryType="nt:unstructured">
            <components jcr:primaryType="nt:unstructured">
                <responsivegrid jcr:primaryType="nt:unstructured">
                    <we-retail-default
                        jcr:description="Policy for editable layout containers"
                        jcr:lastModified="{Date}2018-02-05T18:34:17.420+01:00"
                        jcr:lastModifiedBy="admin"
                        jcr:primaryType="nt:unstructured"
                        jcr:title="We.Retail Default"
                        sling:resourceType="wcm/core/components/policy/policy"
                        components="[/libs/cq/experience-fragments/editor/components/experiencefragment,/libs/wcm/foundation/components/responsivegrid,group:We.Retail,group:We.Retail Commerce]"
                        policyResourceType="wcm/foundation/components/responsivegrid">
                        <cq:authoring jcr:primaryType="nt:unstructured">
                            <assetToComponentMapping jcr:primaryType="nt:unstructured">
                                <image
                                    jcr:primaryType="nt:unstructured"
                                    assetGroup="media"
                                    assetMimetype="image/*"
                                    droptarget="image"
                                    resourceType="weretail/components/content/image"
                                    type="Images"/>
                                <product
                                    jcr:primaryType="nt:unstructured"
                                    assetGroup="product"
                                    droptarget="product-data-reference"
                                    resourceType="weretail/components/structure/product"
                                    type="Products"/>
                                <contentfragment
                                    jcr:primaryType="nt:unstructured"
                                    assetGroup="media"
                                    assetMimetype="[text/html,application/vnd.adobe.contentfragment]"
                                    droptarget="contentfragment"
                                    resourceType="weretail/components/content/contentfragment"
                                    type="Content Fragment"/>
                                <experiencefragment
                                    jcr:primaryType="nt:unstructured"
                                    assetGroup="content"
                                    assetMimetype="text/html"
                                    droptarget="experiencefragment"
                                    resourceType="cq/experience-fragments/editor/components/experiencefragment"
                                    type="experiencefragment"/>
                            </assetToComponentMapping>
                        </cq:authoring>
                        <jcr:content
                            jcr:primaryType="nt:unstructured"
                            mergeList="{Boolean}true"/>
                    </we-retail-default>
                    <contexthub-gems-structure
                        jcr:description="Policy for templates to allow structure components"
                        jcr:lastModified="{Date}2016-10-10T22:34:33.689+02:00"
                        jcr:lastModifiedBy="admin"
                        jcr:primaryType="nt:unstructured"
                        jcr:title="ContextHub Gems Structure"
                        sling:resourceType="wcm/core/components/policy/policy"
                        components="[/libs/wcm/foundation/components/responsivegrid,group:We.Retail,group:We.Retail Commerce,group:We.Retail.Structure,/libs/cq/experience-fragments/editor/components/experiencefragment]"
                        policyResourceType="wcm/foundation/components/responsivegrid">
                        <cq:authoring jcr:primaryType="nt:unstructured">
                            <assetToComponentMapping jcr:primaryType="nt:unstructured">
                                <image
                                    jcr:primaryType="nt:unstructured"
                                    assetGroup="media"
                                    assetMimetype="image/*"
                                    droptarget="image"
                                    resourceType="weretail/components/content/image"
                                    type="Images"/>
                                <product
                                    jcr:primaryType="nt:unstructured"
                                    assetGroup="product"
                                    droptarget="product-data-reference"
                                    resourceType="weretail/components/structure/product"
                                    type="Products"/>
                                <contentfragment
                                    jcr:primaryType="nt:unstructured"
                                    assetGroup="media"
                                    assetMimetype="[text/html,application/vnd.adobe.contentfragment]"
                                    droptarget="contentfragment"
                                    resourceType="weretail/components/content/contentfragment"
                                    type="Content Fragment"/>
                                <experiencefragment
                                    jcr:primaryType="nt:unstructured"
                                    assetGroup="content"
                                    assetMimetype="text/html"
                                    droptarget="experiencefragment"
                                    resourceType="cq/experience-fragments/editor/components/experiencefragment"
                                    type="experiencefragment"/>
                            </assetToComponentMapping>
                        </cq:authoring>
                        <jcr:content
                            jcr:primaryType="nt:unstructured"
                            mergeList="{Boolean}true"/>
                    </contexthub-gems-structure>
                    <we-retail-content
                        jcr:lastModified="{Date}2018-01-30T16:30:41.762+01:00"
                        jcr:lastModifiedBy="admin"
                        jcr:primaryType="nt:unstructured"
                        jcr:title="We.Retail Content"
                        sling:resourceType="wcm/core/components/policy/policy"
                        components="[/libs/cq/experience-fragments/editor/components/experiencefragment,/libs/wcm/foundation/components/responsivegrid,group:We.Retail,group:We.Retail Form]">
                        <jcr:content
                            jcr:primaryType="nt:unstructured"
                            mergeList="{Boolean}true"/>
                        <cq:authoring jcr:primaryType="nt:unstructured">
                            <assetToComponentMapping jcr:primaryType="nt:unstructured">
                                <mapping_1487856929586
                                    jcr:primaryType="nt:unstructured"
                                    assetGroup="media"
                                    assetMimetype="[text/html,application/vnd.adobe.contentfragment]"
                                    droptarget="contentfragment"
                                    resourceType="weretail/components/content/contentfragment"/>
                                <mapping_1487856938113
                                    jcr:primaryType="nt:unstructured"
                                    assetGroup="content"
                                    assetMimetype="text/html"
                                    droptarget="experiencefragment"
                                    resourceType="cq/experience-fragments/editor/components/experiencefragment"/>
                                <mapping_1487856942908
                                    jcr:primaryType="nt:unstructured"
                                    assetGroup="media"
                                    assetMimetype="image/.*"
                                    droptarget="image"
                                    resourceType="weretail/components/content/image"/>
                            </assetToComponentMapping>
                        </cq:authoring>
                    </we-retail-content>
                </responsivegrid>
            </components>
        </foundation>
    </wcm>
    <weretail
        jcr:primaryType="nt:unstructured"
        sling:resourceType="nt:unstructured">
        <components
            jcr:primaryType="nt:unstructured"
            sling:resourceType="nt:unstructured">
            <structure
                jcr:primaryType="nt:unstructured"
                sling:resourceType="nt:unstructured">
                <page
                    jcr:primaryType="nt:unstructured"
                    sling:resourceType="nt:unstructured">
                    <we-retail-product-page
                        jcr:description="Policy for product pages"
                        jcr:lastModified="{Date}2017-06-21T12:22:11.326+02:00"
                        jcr:lastModifiedBy="admin"
                        jcr:primaryType="nt:unstructured"
                        jcr:title="We.Retail Product Page"
                        sling:resourceType="wcm/core/components/policy/policy"
                        clientlibs="we-retail.product-page"
                        faviconClientLib="we-retail.structure.page">
                        <jcr:content jcr:primaryType="nt:unstructured"/>
                    </we-retail-product-page>
                    <we-retail-page
                        jcr:lastModified="{Date}2017-06-21T12:21:36.324+02:00"
                        jcr:lastModifiedBy="admin"
                        jcr:primaryType="nt:unstructured"
                        jcr:title="We.Retail Page"
                        sling:resourceType="wcm/core/components/policy/policy"
                        faviconClientLib="we-retail.structure.page">
                        <jcr:content jcr:primaryType="nt:unstructured"/>
                    </we-retail-page>
                </page>
            </structure>
            <content
                jcr:primaryType="nt:unstructured"
                sling:resourceType="nt:unstructured">
                <breadcrumb
                    jcr:primaryType="nt:unstructured"
                    sling:resourceType="nt:unstructured">
                    <we-retail-experience-page
                        jcr:description="Policy for breadcrumb on experience pages"
                        jcr:lastModified="{Date}2016-03-03T18:52:44.719+01:00"
                        jcr:lastModifiedBy="admin"
                        jcr:primaryType="nt:unstructured"
                        jcr:title="We.Retail Experience Page Breadcrumb"
                        sling:resourceType="wcm/core/components/policy/policy"
                        hideCurrent="true"
                        startLevel="3"/>
                    <we-retail-product-page
                        jcr:description="Policy for breadcrumb on product pages"
                        jcr:lastModified="{Date}2016-09-16T15:03:54.572+02:00"
                        jcr:lastModifiedBy="admin"
                        jcr:primaryType="nt:unstructured"
                        jcr:title="We.Retail Product Page Breadcrumb"
                        sling:resourceType="wcm/core/components/policy/policy"
                        hideCurrent="true"
                        startLevel="5">
                        <jcr:content
                            jcr:primaryType="nt:unstructured"
                            mergeList="{Boolean}true"/>
                    </we-retail-product-page>
                </breadcrumb>
                <title
                    jcr:primaryType="nt:unstructured"
                    sling:resourceType="nt:unstructured">
                    <we-retail-hero-page
                        jcr:description=""
                        jcr:lastModified="{Date}2016-10-10T23:42:54.948+02:00"
                        jcr:lastModifiedBy="admin"
                        jcr:primaryType="nt:unstructured"
                        jcr:title="We.Retail Title policy - Hero Page"
                        sling:resourceType="wcm/core/components/policy/policy"
                        defaultType="h2">
                        <jcr:content
                            jcr:primaryType="nt:unstructured"
                            mergeList="{Boolean}true"/>
                    </we-retail-hero-page>
                    <we-retial-section-page
                        jcr:description=""
                        jcr:lastModified="{Date}2016-10-10T17:23:17.909+02:00"
                        jcr:lastModifiedBy="admin"
                        jcr:primaryType="nt:unstructured"
                        jcr:title="We.Retail Title policy - Section Page"
                        sling:resourceType="wcm/core/components/policy/policy"
                        defaultType="h2">
                        <jcr:content
                            jcr:primaryType="nt:unstructured"
                            mergeList="{Boolean}true"/>
                    </we-retial-section-page>
                </title>
                <image jcr:primaryType="nt:unstructured">
                    <policy_1490281316632
                        jcr:lastModified="{Date}2017-03-23T16:52:07.565+01:00"
                        jcr:lastModifiedBy="admin"
                        jcr:primaryType="nt:unstructured"
                        jcr:title="We.Retail Default"
                        sling:resourceType="wcm/core/components/policy/policy"
                        allowedRenditionWidths="[128,256,512,1024,1280,1440,1920,2048]"
                        allowUpload="true">
                        <jcr:content jcr:primaryType="nt:unstructured"/>
                        <plugins jcr:primaryType="nt:unstructured">
                            <crop
                                jcr:primaryType="nt:unstructured"
                                features="*">
                                <aspectRatios jcr:primaryType="nt:unstructured">
                                    <item0
                                        jcr:primaryType="nt:unstructured"
                                        name="Wide Landscape"
                                        ratio="0.6180"/>
                                    <item1
                                        jcr:primaryType="nt:unstructured"
                                        name="Landscape"
                                        ratio="0.8284"/>
                                    <item2
                                        jcr:primaryType="nt:unstructured"
                                        name="Square"
                                        ratio="1"/>
                                    <item3
                                        jcr:primaryType="nt:unstructured"
                                        name="Portrait"
                                        ratio="1.6180"/>
                                </aspectRatios>
                            </crop>
                            <rotate
                                jcr:primaryType="nt:unstructured"
                                features="right"/>
                            <flip
                                jcr:primaryType="nt:unstructured"
                                features="-"/>
                        </plugins>
                    </policy_1490281316632>
                </image>
                <list jcr:primaryType="nt:unstructured">
                    <we-retail-default
                        cq:allowNoStyle="true"
                        jcr:lastModified="{Date}2017-03-23T16:52:07.565+01:00"
                        jcr:lastModifiedBy="admin"
                        jcr:primaryType="nt:unstructured"
                        jcr:title="We.Retail Default"
                        sling:resourceType="wcm/core/components/policy/policy"
                        disableChildren="false"
                        disableSearch="false"
                        disableStatic="false"
                        disableTags="false"
                        linkItems="false"
                        showDescription="false"
                        showModificationDate="false">
                        <jcr:content jcr:primaryType="nt:unstructured"/>
                        <cq:styleGroups jcr:primaryType="nt:unstructured">
                            <item0
                                cq:styleGroupLabel="Layout"
                                jcr:primaryType="nt:unstructured">
                                <cq:styles jcr:primaryType="nt:unstructured">
                                    <item0
                                        cq:styleClasses="we-list--block we-list--teaser"
                                        cq:styleId="1508797741160"
                                        cq:styleLabel="Block"
                                        jcr:primaryType="nt:unstructured"/>
                                    <item1
                                        cq:styleClasses="we-list--grid we-list--teaser"
                                        cq:styleId="1508797744638"
                                        cq:styleLabel="Grid"
                                        jcr:primaryType="nt:unstructured"/>
                                </cq:styles>
                            </item0>
                            <item1
                                cq:styleGroupLabel="Display"
                                cq:styleGroupMultiple="true"
                                jcr:primaryType="nt:unstructured">
                                <cq:styles jcr:primaryType="nt:unstructured">
                                    <item0
                                        cq:styleClasses="we-list--date"
                                        cq:styleId="1508800134047"
                                        cq:styleLabel="Date"
                                        jcr:primaryType="nt:unstructured"/>
                                    <item1
                                        cq:styleClasses="we-list--image"
                                        cq:styleId="1508800123708"
                                        cq:styleLabel="Image"
                                        jcr:primaryType="nt:unstructured"/>
                                </cq:styles>
                            </item1>
                        </cq:styleGroups>
                    </we-retail-default>
                </list>
                <contentfragment jcr:primaryType="nt:unstructured">
                    <default
                        jcr:lastModified="{Date}2018-02-02T16:04:55.135+01:00"
                        jcr:lastModifiedBy="admin"
                        jcr:primaryType="nt:unstructured"
                        jcr:title="We.Retail Content Fragment policy"
                        sling:resourceType="wcm/core/components/policy/policy"
                        cfm-grid-type="dam/cfm/components/grid"
                        mmf-image-type="dam/cfm/components/mmimage">
                        <jcr:content
                            jcr:primaryType="nt:unstructured"
                            mergeList="{Boolean}true"/>
                    </default>
                </contentfragment>
                <teaser jcr:primaryType="nt:unstructured">
                    <policy_1526037253202
                        cq:styleDefaultClasses="we-Teaser"
                        jcr:lastModified="{Date}2018-05-15T13:35:33.920+02:00"
                        jcr:lastModifiedBy="admin"
                        jcr:primaryType="nt:unstructured"
                        jcr:title="We.Retail Default"
                        sling:resourceType="wcm/core/components/policy/policy"
                        hideImageLink="true"
                        hideTitleLink="true">
                        <jcr:content jcr:primaryType="nt:unstructured"/>
                        <cq:styleGroups jcr:primaryType="nt:unstructured">
                            <item0
                                cq:styleGroupLabel="Component Type"
                                jcr:primaryType="nt:unstructured">
                                <cq:styles jcr:primaryType="nt:unstructured">
                                    <item0
                                        cq:styleClasses="we-Teaser"
                                        cq:styleId="1526367939478"
                                        cq:styleLabel="Teaser"
                                        jcr:primaryType="nt:unstructured"/>
                                    <item1
                                        cq:styleClasses="we-LinkButton"
                                        cq:styleId="1526384118577"
                                        cq:styleLabel="Link Button"
                                        jcr:primaryType="nt:unstructured"/>
                                </cq:styles>
                            </item0>
                        </cq:styleGroups>
                    </policy_1526037253202>
                </teaser>
                <sitefeature jcr:primaryType="nt:unstructured">
                    <policy_1528460924549
                        jcr:lastModified="{Date}2018-06-08T15:29:16.680+03:00"
                        jcr:lastModifiedBy="admin"
                        jcr:primaryType="nt:unstructured"
                        jcr:title="We.Retail Default"
                        sling:resourceType="wcm/core/components/policy/policy"
                        actionsDisabled="true"
                        imageLinkHidden="true"
                        titleLinkHidden="true"
                        titleType="h4">
                        <jcr:content jcr:primaryType="nt:unstructured"/>
                    </policy_1528460924549>
                </sitefeature>
                <carousel jcr:primaryType="nt:unstructured">
                    <policy_1550587632390
                        jcr:lastModified="{Date}2019-02-19T16:48:47.789+02:00"
                        jcr:lastModifiedBy="admin"
                        jcr:primaryType="nt:unstructured"
                        jcr:title="We.Retail Default"
                        sling:resourceType="wcm/core/components/policy/policy"
                        autopauseDisabled="false"
                        autoplay="false"
                        components="[/libs/wcm/foundation/components/responsivegrid,/apps/weretail/components/content/teaser]"
                        delay="5000">
                        <jcr:content jcr:primaryType="nt:unstructured"/>
                    </policy_1550587632390>
                </carousel>
            </content>
        </components>
    </weretail>
    <core
        jcr:primaryType="nt:unstructured"
        sling:resourceType="nt:unstructured">
        <wcm
            jcr:primaryType="nt:unstructured"
            sling:resourceType="nt:unstructured">
            <components
                jcr:primaryType="nt:unstructured"
                sling:resourceType="nt:unstructured">
                <title
                    jcr:primaryType="nt:unstructured"
                    sling:resourceType="nt:unstructured">
                    <policy_1475741491582
                        jcr:description=""
                        jcr:lastModified="{Date}2016-10-06T10:11:49.934+02:00"
                        jcr:lastModifiedBy="admin"
                        jcr:primaryType="nt:unstructured"
                        jcr:title="title"
                        sling:resourceType="wcm/core/components/policy/policy"
                        defaultType="h2">
                        <jcr:content
                            jcr:primaryType="nt:unstructured"
                            mergeList="{Boolean}true"/>
                    </policy_1475741491582>
                </title>
            </components>
        </wcm>
    </core>
</jcr:root>
