<?xml version="1.0" encoding="UTF-8"?>
<jcr:root xmlns:sling="http://sling.apache.org/jcr/sling/1.0" xmlns:cq="http://www.day.com/jcr/cq/1.0" xmlns:jcr="http://www.jcp.org/jcr/1.0"
    jcr:primaryType="cq:Page">
    <jcr:content
        jcr:primaryType="cq:PageContent"
        sling:resourceType="cq/contexthub/components/segments-listing-page"/>
    <over-30/>
    <under-30/>
    <winter/>
    <summer/>
    <male/>
    <female/>
    <summer-female-under-30/>
    <summer-male-under-30/>
    <winter-male-over-30/>
    <winter-female-under-30/>
    <is-alison-50/>
</jcr:root>
